winners,losers
A&M-Corpus Christi,Our Lady of the Lake
Abilene Christian,Randall
Albany (NY),Iona
Arizona,Northern Ariz.
Arizona St.,Idaho St.
Hawaii,Ark.-Pine Bluff
Arkansas,Samford
Evansville,Arkansas St.
Auburn,Norfolk St.
Vanderbilt,Austin Peay
Baylor,Central Ark.
Boise St.,Eastern Ore.
Boston College,Maine
Northeastern,Boston U.
Bowling Green,Drexel
Butler,Kennesaw St.
CSU Bakersfield,Whittier
CSUN,LIFE Pacific
Stanford,Cal Poly
Southern California,Cal St. Fullerton
Central Mich.,Siena Heights
Charlotte,Methodist
Iowa,Chicago St.
Cincinnati,Savannah St.
Clemson,Western Caro.
Col. of Charleston,Siena
Colorado,Northern Colo.
Colorado St.,Sacramento St.
Syracuse,Cornell
Davidson,Charleston So.
Dayton,Ball St.
Delaware,Richmond
Delaware St.,Cairn
Virginia Tech,Detroit Mercy
Duke,Elon
Northern Ky.,ETSU
Eastern Ky.,Rice
Eastern Mich.,Spring Arbor
Eastern Wash.,Walla Walla
FIU,Fla. Memorial
Miami (OH),Fordham
Fresno St.,UC Santa Cruz
Furman,Bob Jones
Ga. Southern,Wake Forest
Georgia,Bryant
Georgia St.,Carver
Grand Canyon,Florida A&M
Rider,Hampton
Hartford,Central Conn. St.
Harvard,MIT
Hofstra,Army West Point
Holy Cross,Sacred Heart
Houston,McNeese
George Washington,Howard
Indiana St.,Indiana
Jackson St.,Millsaps
Jacksonville St.,Tenn. Wesleyan
James Madison,Bridgewater (VA)
Kansas,Tennessee St.
Kansas St.,American
Kentucky,Utah Valley
LSU,Alcorn
George Mason,Lafayette
Liberty,Clarks Summit
Long Beach St.,San Francisco
Ole Miss,Louisiana
Louisiana Tech,Texas-Tyler
Marquette,Mt. St. Mary's
Marshall,UT Martin
Massachusetts,UMass Lowell
Alabama,Memphis
Miami (FL),Gardner-Webb
Michigan St.,North Florida
Middle Tenn.,Trevecca Nazarene
Minnesota,USC Upstate
Mississippi St.,Alabama St.
Missouri,Iowa St.
Monmouth,Bucknell
Montana St.,Omaha
Binghamton,Morgan St.
Murray St.,Brescia
N.C. A&T,Greensboro
Ill.-Chicago,N.C. Central
NC State,VMI
Navy,Pittsburgh
Nevada,Idaho
New Hampshire,Wheelock
New Mexico St.,East Central
St. John's (NY),New Orleans
North Carolina,UNI
North Texas,Eureka
Northwestern,Loyola Maryland
Oakland,Fort Wayne
Oklahoma St.,Pepperdine
Oral Roberts,Avila
Oregon,Coppin St.
Penn St.,Campbell
Utah,Prairie View
Providence,Houston Baptist
Purdue,SIUE
Radford,Ga. Southwestern
Rhode Island,UNC Asheville
Ohio St.,Robert Morris
Rutgers,CCNY
San Diego St.,San Diego Christian
San Jose St.,Antelope Valley
Saint Louis,Seattle U
Seton Hall,Fairleigh Dickinson
Wisconsin,South Carolina St.
South Fla.,Fla. Atlantic
Southeast Mo. St.,Mo. Baptist
Southeastern La.,Centenary (LA)
Southern Miss.,Southern-N.O.
Illinois,Southern U.
Oregon St.,Southern Utah
Niagara,St. Bonaventure
Stetson,Webber Int'l
Maryland,Stony Brook
TCU,La.-Monroe
Tennessee,Presbyterian
Tennessee Tech,Midway
Texas,Northwestern St.
Texas A&M,West Virginia
Gonzaga,Texas Southern
Texas Tech,South Ala.
The Citadel,Oglethorpe
Old Dominion,Towson
North Dakota,Troy
Tulane,LIU Brooklyn
Lamar University,Tulsa
UAB,Jacksonville
South Dakota St.,UC Irvine
UC Riverside,California
UCF,Mercer
UCLA,Georgia Tech
UConn,Colgate
SMU,UMBC
UMES,Valley Forge
Wichita St.,UMKC
UTEP,Louisiana Col.
Nicholls St.,UTRGV
Weber St.,Utah St.
VCU,Grambling
Villanova,Columbia
Virginia,UNCG
Washington,Belmont
Missouri St.,Western Ky.
High Point,William & Mary
Southern Ill.,Winthrop
South Carolina,Wofford
Loyola Chicago,Wright St.
Wyoming,Chattanooga
Xavier,Morehead St.
Creighton,Yale
Akron,Cleveland St.
Appalachian St.,Toccoa Falls
Brown,Johnson & Wales (RI)
Buffalo,Canisius
Quinnipiac,Dartmouth
Drake,Coe
Duke,Utah Valley
Duquesne,St. Francis Brooklyn
Elon,William Peace
UNLV,Florida A&M
Bradley,IUPUI
FGCU,Illinois St.
Kent St.,Youngstown St.
La Salle,Saint Peter's
Ouachita Baptist,Little Rock
Lehigh,Marist
Michigan,North Florida
BYU,Mississippi Val.
Wagner,NJIT
Nebraska,Eastern Ill.
New Mexico,Northern N.M.
Notre Dame,DePaul
Ohio,Alabama A&M
Fairfield,Penn
Portland St.,Portland
SFA,Longwood
Saint Mary's (CA),Saint Francis (PA)
Sam Houston St.,Texas-Tyler
South Dakota,Mayville St.
Toledo,Saint Joseph's
UC Santa Barbara,North Dakota St.
UNCW,N.C. Wesleyan
UT Arlington,Loyola Marymount
Western Mich.,Siena Heights
Iowa,Alabama St.
Appalachian St.,Bridgewater (VA)
Arizona,UMBC
Troy,Ark.-Pine Bluff
Arkansas,Bucknell
Boston College,South Carolina St.
California,Cal Poly
Central Ark.,Ozarks (AR)
Rutgers,Central Conn. St.
Purdue,Chicago St.
Clemson,N.C. A&T
Creighton,Alcorn
East Carolina,Coppin St.
Eastern Mich.,Mich.-Dearborn
Washington,Eastern Wash.
Stetson,FIU
Fort Wayne,Defiance
Louisville,George Mason
Georgetown,Jacksonville
Hampton,Bluefield Col.
Hartford,Gordon
Harvard,Massachusetts
Hawaii,North Dakota
Indiana,Howard
Kentucky,Vermont
SMU,La.-Monroe
Lipscomb,Morehead St.
Loyola Chicago,Eureka
Mercer,Toccoa Falls
Seton Hall,Monmouth
NC State,Charleston So.
Miami (FL),Navy
Northeastern,Wentworth
Northern Ky.,Wilmington (OH)
Ohio St.,Radford
Oklahoma,Omaha
Penn St.,Fairleigh Dickinson
Butler,Princeton
San Diego,San Jose St.
South Dakota St.,Mary
Boise St.,Southern Utah
Stanford,Pacific
Washington St.,Texas Southern
Air Force,Texas St.
UC Irvine,Denver
Maryland,UMES
UMKC,Haskell
Illinois,UT Martin
UTSA,East Central
Virginia Tech,The Citadel
Wofford,Wash. & Lee
Wisconsin,Yale
Baylor,A&M-Corpus Christi
Arkansas St.,Abilene Christian
Samford,Alabama A&M
UNI,Alcorn
Albany (NY),Boston U.
Brown,Quinnipiac
Ga. Southern,CSU Bakersfield
Campbell,Columbia Int'l
Cincinnati,Western Caro.
Cornell,Binghamton
DePaul,Delaware St.
Detroit Mercy,Mich.-Dearborn
Drexel,Arcadia
ETSU,Savannah St.
Florida,Gardner-Webb
Fordham,LIU Brooklyn
Fresno St.,CSUN
Grand Canyon,Robert Morris
Hofstra,Kennesaw St.
IUPUI,Anderson (IN)
Saint Joseph's,Ill.-Chicago
Milwaukee,Iowa St.
Jacksonville St.,Richmond
Louisiana Tech,Southeast Mo. St.
McNeese,Ecclesia
Michigan,Central Mich.
Middle Tenn.,Murray St.
Minnesota,Providence
Utah,Mississippi Val.
Missouri,Wagner
Montana,Pittsburgh
Utah St.,Montana St.
Morgan St.,South Fla.
Evansville,N.C. Central
Lynchburg,Norfolk St.
North Dakota,Ark.-Pine Bluff
Nebraska,North Texas
Embry-Riddle (AZ),Northern Ariz.
UC Davis,Northern Colo.
Northwestern,Saint Peter's
Notre Dame,Mt. St. Mary's
Oakland,New Orleans
Oklahoma St.,Charlotte
Old Dominion,James Madison
Ole Miss,Eastern Ky.
Tulsa,Oral Roberts
Wyoming,Oregon St.
La Salle,Penn
Oregon,Prairie View
Nevada,Rhode Island
Saint Louis,Rockhurst
Saint Mary's (CA),New Mexico St.
San Francisco,Saint Francis (PA)
FGCU,Siena
South Ala.,Mobile
South Dakota,Bowling Green
Tulane,Southeastern La.
Southern California,North Dakota St.
Marshall,Southern U.
Tennessee St.,Reinhardt
TCU,Tennessee Tech
Towson,Frostburg St.
Hawaii,Troy
UAB,Chattanooga
UTRGV,Bethune-Cookman
VCU,North Florida
Valparaiso,Trinity Christian
Belmont,Vanderbilt
Virginia,Austin Peay
South Carolina,Western Mich.
Wichita St.,Col. of Charleston
Xavier,Rider
Alabama,Lipscomb
Army West Point,John Jay
Boston College,Sacred Heart
Air Force,Canisius
Chicago St.,Silver Lake
Rutgers,Cleveland St.
Colorado,Denver
Colorado St.,Winthrop
Columbia,Longwood
Dartmouth,Emerson
Davidson,UNCW
Bradley,Delaware
Duke,Michigan St.
Duquesne,VMI
Eastern Wash.,Stanford
Fairfield,Loyola Maryland
Furman,Elon
Florida St.,George Washington
Georgia,USC Upstate
Georgia St.,Rice
Houston Baptist,Arlington Baptist
Gonzaga,Howard
Mercer,Jackson St.
Kansas,Kentucky
NJIT,Lafayette
Lamar University,Coastal Caro.
Long Beach St.,San Fran. St.
Louisiana,Louisiana Col.
Memphis,Little Rock
Miami (OH),Wright St.
Monmouth,Lehigh
NC State,Bryant
New Mexico,Omaha
Northern Ill.,Green Bay
Pepperdine,Cal Lutheran
Portland,Walla Walla
Purdue,Marquette
Sacramento St.,Notre Dame de Namur
Sam Houston St.,Hardin-Simmons
Arizona St.,San Diego St.
South Dakota St.,Alabama St.
St. John's (NY),Central Conn. St.
Syracuse,Iona
Tennessee,High Point
Texas,New Hampshire
Texas Tech,Maine
Toledo,Ohio Northern
UC Irvine,Chapman
UConn,Stony Brook
Kansas St.,UMKC
Utah Valley,Idaho St.
Villanova,Nicholls St.
Liberty,Wake Forest
Weber St.,West Coast Baptist
Yale,South Carolina St.
Youngstown St.,Franciscan
UTRGV,A&M-Corpus Christi
Oklahoma,Ball St.
Buffalo,Jacksonville St.
Maryland,Butler
Cal Poly,Holy Names
Saint Mary's (CA),Cal St. Fullerton
Charleston So.,Columbia Int'l
Fort Wayne,Delaware St.
Radford,East Carolina
Fairleigh Dickinson,FDU- Florham
Georgetown,Mt. St. Mary's
William & Mary,Hampton
Rider,Hartford
LIU Brooklyn,New Rochelle
Manhattan,St. Francis Brooklyn
UMass Lowell,Marist
Minnesota,Niagara
Penn St.,Montana
Montana St.,Montana Western
N.C. A&T,The Citadel
UT Martin,N.C. Central
Nevada,Santa Clara
North Carolina,Bucknell
Creighton,Northwestern
Penn,Navy
UNLV,Prairie View
BYU,Princeton
San Diego,Robert Morris
SFA,St. Edward's
SMU,Northwestern St.
Savannah St.,Middle Ga. St.
Washington St.,Seattle U
Seton Hall,Indiana
South Fla.,Stetson
Missouri St.,Southern U.
TCU,South Dakota
UTSA,Texas St.
UC Davis,Pacific
Loyola Marymount,UC Riverside
Pittsburgh,UC Santa Barbara
UCF,Gardner-Webb
UCLA,Central Ark.
UNCG,N.C. Wesleyan
Utah St.,Mississippi Val.
Valparaiso,SIUE
UNI,Wartburg
West Virginia,American
Western Ill.,Eastern Ill.
Western Ky.,Ky. Wesleyan
Abilene Christian,Howard Payne
Iowa St.,Appalachian St.
Arizona,CSU Bakersfield
Auburn,Indiana St.
North Texas,Bethune-Cookman
Ga. Southern,Bluefield St.
Boise St.,UTEP
Notre Dame,Chicago St.
Cincinnati,Coppin St.
Colgate,Cornell
Hofstra,Dayton
Ill.-Chicago,Delaware St.
Denver,Johnson & Wales (CO)
Eastern Mich.,Arkansas St.
Evansville,Southeast Mo. St.
Fla. Atlantic,Edward Waters
Florida,North Florida
George Mason,Binghamton
Iowa,Grambling
Holy Cross,Harvard
Kent St.,Ohio Christian
LSU,Samford
La Salle,South Ala.
Lamar University,Jarvis Christian
Morehead St.,Marshall
Miami (FL),Florida A&M
Belmont,Middle Tenn.
NC State,Presbyterian
Northern Ill.,St. Francis (IL)
Clemson,Ohio
Oklahoma St.,Oral Roberts
Providence,Washington
SFA,LeTourneau
Saint Louis,Virginia Tech
Illinois St.,South Carolina
La.-Monroe,Southeastern La.
Michigan,Southern Miss.
Southern Utah,San Jose St.
St. John's (NY),Nebraska
Temple,Old Dominion
Tennessee Tech,Boyce
Ohio St.,Texas Southern
Troy,Brewton-Parker
UAB,LeMoyne-Owen
UMBC,Central Penn
Loyola Chicago,UMKC
Utah,Missouri
Tulsa,Western Mich.
California,Wofford
Xavier,Wisconsin
Alabama,Alabama A&M
Arizona St.,Northern Ariz.
Arkansas,Fresno St.
Ball St.,Stony Brook
Baylor,Alcorn
Boise St.,Illinois St.
Clemson,Hofstra
Cleveland St.,Coppin St.
Colorado,Quinnipiac
Penn St.,Columbia
Illinois,DePaul
Delaware,Wesley
Drake,Wake Forest
Kentucky,ETSU
Central Conn. St.,East Carolina
UNLV,Eastern Wash.
Elon,FIU
Florida St.,Fordham
Ole Miss,Georgia St.
Green Bay,Lakeland
Drexel,Houston
Eastern Ill.,IUPUI
Incarnate Word,McMurry
Villanova,Lafayette
Mercer,Liberty
Louisiana,Savannah St.
Miami (OH),LIU Brooklyn
North Dakota St.,Missouri St.
N.C. Central,Warren Wilson
New Mexico St.,New Mexico
Stanford,Northeastern
Northern Colo.,Pepperdine
Northern Ky.,James Madison
Dayton,Ohio
Old Dominion,Indiana St.
Louisville,Omaha
Oregon,Alabama St.
Providence,Saint Louis
Rice,Northwestern St.
San Francisco,Sacramento St.
San Diego St.,McNeese
Lehigh,Siena
Kansas,South Dakota St.
Duke,Southern U.
Temple,Auburn
Towson,Loyola Maryland
Tulane,Colorado St.
Iowa St.,Tulsa
Kansas St.,UC Irvine
Texas A&M,UC Santa Barbara
UCLA,South Carolina St.
UNCG,Ferrum
South Carolina,UTEP
Coastal Caro.,UTSA
Virginia,VCU
Vanderbilt,UNC Asheville
Vermont,Bradley
Virginia Tech,Washington
Iona,Weber St.
Western Mich.,Appalachian St.
Albany (NY),Yale
Akron,UT Martin
SMU,Ark.-Pine Bluff
Belmont,Houston Baptist
Bowling Green,FGCU
Maryland,Bucknell
Butler,Furman
Cal Poly,Santa Clara
Cal St. Fullerton,Bethesda (CA)
Canisius,Youngstown St.
Central Mich.,Eureka
Charleston So.,USC Upstate
UNI,Chicago St.
Col. of Charleston,Charlotte
Colorado,Drake
Seattle U,Detroit Mercy
Mercer,Drexel
Elon,Concordia-St. Paul
Evansville,Binghamton
Milwaukee,FIU
Purdue,Fairfield
Fort Wayne,Ill.-Chicago
Gardner-Webb,Warren Wilson
George Mason,CSUN
George Washington,Hampton
Georgetown,UMES
Grand Canyon,Little Rock
LIU Brooklyn,Hartford
Manhattan,Harvard
Houston,Liberty
Eastern Mich.,Howard
Northern Ky.,Iona
Northwestern,La Salle
Louisiana Tech,Montana St.
South Ala.,Maine
Army West Point,Marist
Middle Tenn.,Tennessee St.
Mississippi St.,Florida A&M
Mt. St. Mary's,North Florida
N.C. A&T,Jacksonville
Seton Hall,NJIT
Navy,Bryant
Nevada,Pacific
San Diego,Norfolk St.
Oregon St.,Long Beach St.
Penn,Penn St.-Brandywine
Portland St.,UC Riverside
Saint Joseph's,Princeton
SFA,Howard Payne
Saint Peter's,Sacred Heart
Saint Francis (PA),Longwood
Idaho,Sam Houston St.
South Dakota,Grambling
Southern Ill.,Ill.-Springfield
St. Bonaventure,Jackson St.
SIUE,Stetson
Tennessee Tech,Kennesaw St.
Texas,Lipscomb
Syracuse,Texas Southern
Texas Tech,Boston College
The Citadel,High Point
Toledo,Oakland
Utah Valley,UC Davis
UCF,William & Mary
UNCW,Campbell
UT Arlington,BYU
Texas St.,UTRGV
Bradley,UTSA
Gonzaga,Utah St.
VMI,Presbyterian
Vermont,Coastal Caro.
Wagner,American
Wake Forest,Quinnipiac
Washington St.,Idaho St.
Weber St.,James Madison
West Virginia,Morgan St.
Western Ill.,Calvary
Winthrop,Central Penn
Wofford,Bob Jones
Murray St.,Wright St.
Georgia,A&M-Corpus Christi
Appalachian St.,UTEP
Auburn,Hofstra
UNC Asheville,Austin Peay
Oregon,Ball St.
Georgia Tech,Bethune-Cookman
Iowa St.,Boise St.
UConn,Boston U.
St. Francis Brooklyn,Brown
CSU Bakersfield,Lamar University
Central Ark.,Alcorn
Colorado,Mercer
Florida St.,Colorado St.
Rutgers,Coppin St.
UMass Lowell,Cornell
Old Dominion,Dayton
Detroit Mercy,Houston Baptist
Drake,Drexel
FIU,Concordia-St. Paul
Florida,New Hampshire
Tulane,Fordham
Houston,Wake Forest
Coastal Caro.,Iona
Kent St.,Mississippi Val.
Boston College,La Salle
Liberty,Quinnipiac
Loyola Chicago,Samford
Loyola Marymount,McNeese
Sacred Heart,Maine
Illinois,Marshall
Massachusetts,Niagara
Hartford,Miami (OH)
Milwaukee,Elon
Minnesota,Western Caro.
Virginia,Monmouth
Nebraska,North Dakota
Ohio St.,Northeastern
Ohio,Indiana St.
Portland,Oregon Tech
Rhode Island,Holy Cross
Robert Morris,Duquesne
Saint Mary's (CA),San Jose St.
Belmont,Seattle U
South Ala.,Saint Peter's
Indiana,South Fla.
Valparaiso,Southeastern La.
Southern California,Vanderbilt
N.C. Central,Southern U.
Michigan St.,Stony Brook
Temple,Clemson
Texas Tech,Northwestern
Illinois St.,Tulsa
Arizona St.,UC Irvine
Colgate,UMBC
UTSA,James Madison
Vermont,Northern Ky.
Bradley,Weber St.
Western Ky.,Nicholls St.
South Carolina,Western Mich.
Wofford,North Florida
Yale,Curry
Chattanooga,Alabama St.
Albany (NY),SUNY Oneonta
Florida A&M,Albany St. (GA)
Air Force,Ark.-Pine Bluff
Baylor,Wisconsin
Bowling Green,Lake Erie
Bucknell,Siena
Campbell,Johnson & Wales (NC)
Charleston So.,Toccoa Falls
Charlotte,Presbyterian
Cincinnati,Buffalo
East Carolina,Cleveland St.
UNCG,Delaware
ETSU,Delaware St.
Duke,Furman
Ga. Southern,Missouri St.
Rider,George Washington
Georgia St.,Eastern Wash.
Grand Canyon,Norfolk St.
Xavier,Hampton
Arkansas St.,Howard
Maryland,Jackson St.
Jacksonville,Webber Int'l
Jacksonville St.,Savannah St.
Kansas St.,Northern Ariz.
Kentucky,Troy
LSU,Michigan
Lipscomb,Abilene Christian
San Diego,Little Rock
Louisiana,Iowa
Mississippi St.,Green Bay
Missouri,Emporia St.
St. John's (NY),Molloy
Montana,Oral Roberts
North Carolina,Stanford
Notre Dame,Chaminade
USC Upstate,Paine
Penn,Northern Ill.
Penn St.,Pittsburgh
Prairie View,Eastern Ky.
San Diego St.,Eastern Ill.
South Dakota,Mt. Marty
Wyoming,South Dakota St.
Southern Miss.,Blue Mountain (MS)
St. Bonaventure,UMES
Stetson,Ave Maria
Syracuse,Oakland
TCU,Omaha
Texas A&M,Oklahoma St.
Towson,Fla. Atlantic
Richmond,UAB
UC Santa Barbara,Pepperdine
Creighton,UCLA
UMKC,Manhattan
UNLV,Rice
UTRGV,North Texas
Utah,Ole Miss
Portland St.,Utah St.
Utah Valley,Eastern Ore.
Marquette,VCU
West Virginia,Long Beach St.
Wichita St.,California
Wright St.,Tiffin
Pacific,Air Force
American,New Hampshire
Baylor,Creighton
Bethune-Cookman,Grambling
Buffalo,UAB
Tennessee St.,Canisius
Central Ark.,South Carolina St.
Chicago St.,East-West U.
Cincinnati,Richmond
Army West Point,Columbia
Central Conn. St.,Coppin St.
Nevada,Davidson
Delaware,N.C. Wesleyan
Evansville,Fresno St.
Gardner-Webb,Brevard
Louisiana Tech,George Mason
High Point,Methodist
IUPUI,Morehead St.
Jacksonville St.,Chattanooga
Northwestern St.,La.-Monroe
Wyoming,Louisiana
Louisville,Southern Ill.
Loyola Chicago,Mississippi Val.
Loyola Maryland,Goucher
Missouri St.,Manhattan
Massachusetts,Western Caro.
Michigan,Chaminade
Middle Tenn.,FGCU
Minnesota,Alabama A&M
UC Santa Barbara,Montana
Montana St.,Binghamton
Morgan St.,Goldey-Beacom
N.C. A&T,Mid-Atlantic Christ.
Tennessee Tech,New Mexico
Memphis,New Orleans
BYU,Niagara
North Florida,Edward Waters
Northern Colo.,Northern N.M.
Fla. Atlantic,Northern Ill.
Notre Dame,LSU
VMI,Ohio Valley
Oklahoma St.,Pittsburgh
Pepperdine,Oral Roberts
Towson,Penn
Rutgers,Bryant
San Francisco,Sonoma St.
Savannah St.,Alabama St.
South Dakota St.,Iowa
Southeast Mo. St.,CSUN
Southeastern La.,Kent St.
Southern Utah,Benedictine Mesa
Texas A&M,Penn St.
Kansas,Texas Southern
The Citadel,Trinity Baptist
UC Davis,Sacramento St.
UCLA,Wisconsin
Ga. Southern,UMKC
UNCG,Longwood
Alabama,UT Arlington
VCU,California
Valparaiso,Samford
Virginia Tech,Houston Baptist
Wagner,Staten Island
Wichita St.,Marquette
William & Mary,Shenandoah
Winthrop,Mars Hill
Youngstown St.,Westminster (PA)
James Madison,Appalachian St.
NC State,Arizona
Texas St.,Ark.-Pine Bluff
Austin Peay,Bethel (TN)
Bucknell,Ball St.
Binghamton,CSUN
Boston College,Colgate
Boston U.,Maine
Bradley,Missouri S&T
Stony Brook,Brown
CSU Bakersfield,Alas. Anchorage
Cal Poly,Col. of Charleston
Chaminade,California
Cincinnati,Wyoming
Coastal Caro.,St. Andrews
Albany (NY),Dartmouth
Delaware,Longwood
Detroit Mercy,Saint Louis
Troy,ETSU
Eastern Wash.,Eastern Ky.
North Dakota St.,Florida A&M
Florida St.,Kennesaw St.
Kentucky,Fort Wayne
Fresno St.,George Mason
Prairie View,Georgia St.
Fairleigh Dickinson,Holy Cross
South Fla.,Howard
Idaho,Santa Clara
Illinois St.,Quincy
Indiana,Arkansas St.
Indiana St.,Mo.-St. Louis
UMass Lowell,LIU Brooklyn
Marquette,LSU
Miami (FL),La Salle
Princeton,Lafayette
Lamar University,Southern-N.O.
Louisiana,Richmond
Louisiana Tech,Evansville
Loyola Marymount,Incarnate Word
Marshall,N.C. Central
Tulane,Miami (OH)
Michigan,VCU
Mississippi St.,SFA
Missouri St.,Fla. Atlantic
UNC Asheville,Monmouth
Montana St.,Southeast Mo. St.
NJIT,Kean
Navy,Washington Col.
New Mexico St.,Colorado St.
North Texas,Rogers St.
Northern Ill.,Manhattan
Ole Miss,Rice
Penn,UMKC
Providence,Belmont
Elon,Radford
UNI,SMU
Sacred Heart,Mitchell
Central Mich.,Sam Houston St.
San Jose St.,Idaho St.
South Dakota St.,Buffalo
Southern California,Lehigh
Southern U.,UT Martin
Stetson,South Ala.
Tennessee,Purdue
Syracuse,Toledo
Towson,Ga. Southern
Iowa,UAB
UC Riverside,Western N.M.
Georgia Tech,UTRGV
UNLV,Utah
Vermont,Me.-Fort Kent
Villanova,Western Ky.
Western Ill.,SIUE
Notre Dame,Wichita St.
Texas Tech,Wofford
Yale,Alcorn
SMU,Arizona
Arizona St.,Kansas St.
Arkansas,Oklahoma
Texas,Butler
Georgia,Cal St. Fullerton
UMBC,Chicago St.
Xavier,George Washington
Saint Mary's (CA),Harvard
Missouri,Long Beach St.
West Virginia,Marist
Michigan St.,DePaul
UCF,Nebraska
Nicholls St.,Presbyterian
Hampton,Northern Ariz.
Gonzaga,Ohio St.
UConn,Oregon
St. John's (NY),Oregon St.
North Carolina,Portland
Duke,Portland St.
Western Ky.,Purdue
Rider,UC Irvine
San Diego St.,Sacramento St.
Col. of Charleston,Sam Houston St.
Alas. Anchorage,Santa Clara
Rhode Island,Seton Hall
Florida,Stanford
UNI,NC State
Villanova,Tennessee
Virginia,Vanderbilt
Washington St.,Saint Joseph's
UTSA,A&M-Corpus Christi
Abilene Christian,Campbell
Alabama,BYU
Purdue,Arizona
Pacific,Ark.-Pine Bluff
Auburn,Winthrop
Bowling Green,USC Upstate
Butler,Portland St.
CSU Bakersfield,Idaho
Cal St. Fullerton,Sacramento St.
Canisius,Texas St.
Central Mich.,Cal Poly
Charlotte,High Point
Presbyterian,Chicago St.
Central Conn. St.,Cleveland St.
Colorado St.,Northwestern St.
FGCU,Denver
Duke,Texas
Rutgers,East Carolina
Indiana,Eastern Mich.
Utah,Eastern Wash.
Jacksonville,Fairfield
Florida,Gonzaga
Green Bay,Florida A&M
Florida St.,The Citadel
Kansas St.,George Washington
Rider,Hampton
Bryant,Hartford
Harvard,Saint Joseph's
UMES,Jackson St.
Kansas,Oakland
Valparaiso,Kent St.
Louisville,Saint Francis (PA)
Loyola Chicago,UNCW
Wisconsin,Milwaukee
Minnesota,Massachusetts
Missouri,St. John's (NY)
Missouri St.,Evangel
Illinois,N.C. Central
Navy,St. Francis Brooklyn
Nebraska,Marist
Nevada,Hawaii
Furman,New Hampshire
TCU,New Mexico
New Orleans,Spring Hill
Niagara,Alabama A&M
North Carolina,Arkansas
Georgia Tech,North Texas
Utah St.,Northeastern
Northern Colo.,Youngstown St.
Northwestern,Sacred Heart
Ohio,Mt. St. Mary's
Oklahoma,Portland
Oregon,DePaul
Long Beach St.,Oregon St.
Penn St.,Oral Roberts
UC Santa Barbara,Prairie View
Virginia,Rhode Island
Robert Morris,Norfolk St.
Washington St.,Saint Mary's (CA)
San Diego St.,Georgia
Washington,Seattle U
Seton Hall,Vanderbilt
South Fla.,Arkansas St.
Southeastern La.,Samford
South Dakota,Southern Miss.
St. Bonaventure,Maryland
Ohio St.,Stanford
Tennessee,NC State
Tennessee Tech,Omaha
Texas A&M,Pepperdine
Clemson,Texas Southern
Cornell,Toledo
UC Irvine,Northern Ariz.
Michigan St.,UConn
UMBC,Nicholls St.
UT Arlington,Western Caro.
Villanova,UNI
Wake Forest,UNCG
West Virginia,UCF
Western Ky.,SMU
Wright St.,Gardner-Webb
Arizona St.,Xavier
USC Upstate,Abilene Christian
Dayton,Akron
Western Caro.,Alabama A&M
Alcorn,Concordia (AL)
American,VMI
Canisius,Ark.-Pine Bluff
Ball St.,Indiana St.
Bethune-Cookman,Florida Col.
Boise St.,Loyola Marymount
Bowling Green,Campbell
Brown,LIU Brooklyn
Central Mich.,CSU Bakersfield
Idaho,Cal Poly
Chattanooga,Tenn. Wesleyan
Col. of Charleston,Alas. Anchorage
Colgate,Columbia
Appalachian St.,Davidson
Delaware St.,Georgian Court
Denver,St. Francis Brooklyn
Detroit Mercy,Siena Heights
Eastern Ky.,Asbury
Fairfield,Gardner-Webb
ETSU,Fort Wayne
Bradley,Ga. Southern
Albany (NY),Holy Cross
Houston,Incarnate Word
Charleston So.,Illinois St.
Loyola Chicago,Kent St.
Liberty,Toccoa Falls
BYU,Massachusetts
McNeese,Southern-N.O.
Memphis,Northern Ky.
Miami (FL),North Florida
Minnesota,Alabama
NJIT,Drexel
FGCU,Navy
Maryland,New Mexico
Utah Valley,North Dakota
Furman,Northeastern
William & Mary,Old Dominion
Jackson St.,Omaha
Penn,Monmouth
Pittsburgh,Lehigh
Providence,Boston College
Radford,James Madison
Rice,St. Thomas Houston
Georgetown,Richmond
Robert Morris,Little Rock
Creighton,SIUE
Sam Houston St.,Santa Clara
San Diego,Grand Canyon
Siena,Hofstra
Northern Colo.,South Dakota
Southeastern La.,Mississippi Val.
Murray St.,Southern Ill.
UNLV,Southern Utah
TCU,St. Bonaventure
North Dakota St.,Stetson
Tennessee St.,Kennesaw St.
Tennessee Tech,UMES
Texas St.,Pacific
Texas Tech,Savannah St.
Tulsa,Central Ark.
Valparaiso,UNCW
UT Arlington,Niagara
New Mexico St.,UTEP
Grambling,UTRGV
Utah St.,New Hampshire
Virginia Tech,Morehead St.
Weber St.,Black Hills St.
Iowa St.,Western Ill.
Western Mich.,Northwood
Wright St.,Jacksonville
Vermont,Yale
Southern Miss.,Youngstown St.
Arkansas,UConn
Binghamton,Hartwick
Boston U.,Wheaton (MA)
Abilene Christian,Bowling Green
Brown,Bryant
Bucknell,Stony Brook
Butler,Ohio St.
Campbell,USC Upstate
Pacific,Canisius
Drake,Chicago St.
Colorado,Air Force
DePaul,Portland
Duke,Florida
Eastern Mich.,South Fla.
FGCU,St. Francis Brooklyn
Wright St.,Fairfield
Fordham,Manhattan
Fresno St.,Montana St.
Georgia St.,Tulane
Wagner,Hartford
Cal St. Fullerton,Harvard
Jacksonville,Gardner-Webb
Mississippi St.,Jacksonville St.
Kentucky,Ill.-Chicago
La.-Monroe,Rust
Saint Peter's,Lafayette
Nebraska,Long Beach St.
Longwood,N.C. Wesleyan
UMass Lowell,Loyola Maryland
Maine,Quinnipiac
Marshall,Concord
Austin Peay,Miami (OH)
Samford,Mississippi Val.
Montana,Carroll (MT)
N.C. A&T,East Carolina
N.C. Central,Southeast Mo. St.
Navy,Denver
South Ala.,New Orleans
Little Rock,Norfolk St.
Michigan St.,North Carolina
Northern Colo.,Southern Miss.
Northern Ill.,Rockford
Oklahoma St.,Houston Baptist
Oklahoma,Oregon
Oregon St.,Marist
Princeton,Fairleigh Dickinson
SFA,Florida A&M
Saint Joseph's,Sacramento St.
Georgia,Saint Mary's (CA)
Washington St.,San Diego St.
South Dakota St.,Dakota St.
Texas A&M,Southern California
Portland St.,Stanford
La Salle,Temple
Gonzaga,Texas
UAB,Mississippi Col.
Washington,UC Davis
UCLA,UC Irvine
Michigan,UC Riverside
St. John's (NY),UCF
UMKC,UT Martin
West Virginia,Missouri
Winthrop,South Carolina St.
UNC Asheville,Wofford
Wyoming,N.M. Highlands
South Dakota,Youngstown St.
Hawaii,Adams St.
Cincinnati,Alabama St.
Niagara,Army West Point
Lipscomb,Belmont
Cornell,Duquesne
Yale,Delaware
Troy,Delaware St.
Marquette,Eastern Ill.
Hampton,Saint Leo
Liberty,Howard
Syracuse,Maryland
Monmouth,Albany (NY)
Central Ark.,Morehead St.
Morgan St.,Mt. St. Mary's
Nicholls St.,Blue Mountain (MS)
North Texas,Grambling
Oakland,Oral Roberts
Old Dominion,UMES
Seattle U,Idaho St.
South Carolina,FIU
Stetson,Green Bay
Towson,St. Mary's (MD)
UT Arlington,Texas-Dallas
Lamar University,UTEP
Virginia,Wisconsin
Akron,Chattanooga
Ball St.,Oakland City
California,CSUN
VMI,Charleston So.
Dartmouth,Loyola Maryland
Davidson,Charlotte
Fla. Atlantic,Ave Maria
Florida St.,Rutgers
Fort Wayne,Detroit Mercy
Georgetown,Maine
La.-Monroe,Jackson St.
Louisiana,McNeese
Boise St.,Loyola Chicago
Missouri St.,Colorado St.
Murray St.,Harris-Stowe
NJIT,LIU Brooklyn
North Dakota,Presentation
Georgia Tech,Northwestern
Iona,Ohio
Pittsburgh,High Point
Purdue,Louisville
Rhode Island,Brown
SFA,North Dakota St.
Sam Houston St.,Schreiner
South Carolina St.,Morris
South Dakota St.,Ole Miss
Southeast Mo. St.,Hannibal-La Grange
Southeastern La.,Loyola (LA)
Tennessee St.,Fisk
Kansas,Toledo
Tulsa,UTSA
UC Santa Barbara,San Francisco
Presbyterian,UNCG
SMU,UTRGV
Valparaiso,Utah St.
VCU,Appalachian St.
Vanderbilt,Radford
Virginia Tech,Iowa
Wake Forest,Illinois
Washington,Kennesaw St.
Western Ill.,IUPUI
Western Mich.,Saint Louis
Wichita St.,Savannah St.
Xavier,Baylor
Texas St.,A&M-Corpus Christi
Indiana St.,Air Force
Alabama,Louisiana Tech
Albany (NY),Colgate
Saint Francis (PA),American
Arizona,Long Beach St.
Oklahoma St.,Austin Peay
Longwood,Bluefield St.
Nebraska,Boston College
Boston U.,New Hampshire
Bowling Green,San Jose St.
Buffalo,Niagara
Little Rock,Central Ark.
Marquette,Chicago St.
Clemson,Ohio St.
Cleveland St.,Arkansas St.
UConn,Columbia
Auburn,Dayton
Binghamton,Delaware St.
Omaha,Drake
Duke,Indiana
North Florida,Eastern Mich.
FGCU,Webber Int'l
FIU,Fla. National
ETSU,Fordham
George Mason,James Madison
George Washington,Morgan St.
Georgia St.,Alabama A&M
Gonzaga,Incarnate Word
Hampton,Mid-Atlantic Christ.
Kansas St.,Oral Roberts
Kent St.,Norfolk St.
LSU,UT Martin
Drexel,Lafayette
William & Mary,Marshall
Quinnipiac,Massachusetts
Miami (OH),Midway
Miami (FL),Minnesota
Stanford,Montana
Montana St.,Bethesda (CA)
Nevada,Illinois St.
New Mexico,Evansville
Houston,New Orleans
North Carolina,Michigan
UC Davis,Northern Colo.
Milwaukee,Northern Ill.
Northern Ky.,Berea
Northwestern St.,Lyon
Villanova,Penn
NC State,Penn St.
Lehigh,Princeton
Providence,Rider
Robert Morris,Youngstown St.
Sacred Heart,UMass Lowell
Saint Joseph's,Bucknell
Saint Peter's,Fairleigh Dickinson
Southern Ill.,SIUE
South Ala.,Southern Miss.
Southern U.,Wiley
Southern Utah,Pepperdine
St. Bonaventure,Siena
Stony Brook,Shawnee St.
TCU,Belmont
Tennessee,Mercer
Tennessee Tech,Lipscomb
Texas,Florida A&M
Troy,Ill.-Chicago
Tulane,Alcorn
UC Irvine,Whittier
UCLA,CSU Bakersfield
UNC Asheville,USC Upstate
UNI,UNLV
UT Arlington,Rice
BYU,Utah Valley
Vermont,Richmond
Western Ky.,Eastern Ky.
Winthrop,Furman
Wofford,Coastal Caro.
Denver,Wyoming
Yale,Bryant
Bethune-Cookman,Jacksonville
Col. of Charleston,Western Caro.
Fort Wayne,Ind.-Kokomo
Fresno St.,Weber St.
LIU Brooklyn,Hartford
Northeastern,Harvard
Howard,Central Penn
Jacksonville St.,Alabama St.
UAB,Memphis
Mississippi St.,North Dakota St.
Hofstra,Molloy
Morehead St.,Alice Lloyd
Central Conn. St.,N.C. A&T
N.C. Central,Christendom
West Virginia,NJIT
Santa Clara,Northern Ariz.
Michigan St.,Notre Dame
Oakland,Texas Southern
Oklahoma,North Texas
Portland,Multnomah
Sam Houston St.,St. Thomas Houston
San Diego St.,San Diego
Savannah St.,Carver
Seattle U,Kennesaw St.
South Dakota,UMKC
Elon,South Fla.
St. Francis Brooklyn,New Rochelle
Campbell,Stetson
Temple,South Carolina
Seton Hall,Texas Tech
Pacific,UC Riverside
Missouri,UCF
East Carolina,UNCW
New Mexico St.,UTEP
Texas A&M,UTRGV
UTSA,Ottawa (AZ)
A&M-Corpus Christi,Texas Lutheran
Alcorn,Rust
Army West Point,UMBC
Bradley,Eastern Ill.
Navy,Delaware
Pittsburgh,Duquesne
Gonzaga,Creighton
Grambling,Georgia Tech
High Point,Johnson & Wales (NC)
Manhattan,Holy Cross
Idaho St.,Bethesda (CA)
Central Mich.,Jackson St.
Louisiana,Nicholls St.
Marist,The Citadel
Purdue,Maryland
North Carolina,Davidson
Northwestern,Illinois
Ohio,Coppin St.
Boise St.,Oregon
Stetson,Edward Waters
Towson,La Salle
Wagner,Fairfield
Abilene Christian,Schreiner
Air Force,Denver
Appalachian St.,South Fla.
Arizona,UNLV
Arizona St.,San Francisco
Santa Clara,Ark.-Pine Bluff
Austin Peay,Alabama A&M
Ball St.,IUPUI
Bowling Green,Norfolk St.
Central Conn. St.,Brown
St. Bonaventure,Buffalo
Butler,Saint Louis
Northern Ariz.,CSU Bakersfield
Cal Poly,Pepperdine
Cal St. Fullerton,Cal Lutheran
Xavier,Cincinnati
Binghamton,Colgate
Colorado St.,Colorado
Albany (NY),Columbia
Northeastern,Cornell
Canisius,Dartmouth
East Carolina,Delaware St.
Wyoming,Drake
Duke,South Dakota
FIU,South Ala.
Fla. Atlantic,Bethune-Cookman
Murray St.,Florida A&M
Fordham,Maine
Fresno St.,Long Beach St.
Ga. Southern,Tenn. Wesleyan
Gardner-Webb,USC Upstate
Georgia,Marquette
Grand Canyon,UC Riverside
Belmont,Green Bay
Boston College,Hartford
Kentucky,Harvard
Houston,Arkansas
Iona,Fairleigh Dickinson
Eastern Ky.,Jacksonville
James Madison,Charlotte
Kansas,Syracuse
Kent St.,Cleveland St.
La Salle,Holy Cross
Lafayette,Quinnipiac
Lamar University,Coastal Caro.
UNCG,Liberty
Lipscomb,Tennessee St.
Oral Roberts,Little Rock
Loyola Chicago,Ill.-Chicago
Army West Point,Marist
Marshall,Akron
South Carolina,Massachusetts
Memphis,Mercer
Miami (OH),Western Ill.
Michigan,Indiana
Middle Tenn.,FGCU
UConn,Monmouth
Montana St.,Milwaukee
Mt. St. Mary's,Loyola Maryland
Presbyterian,N.C. A&T
Southeast Mo. St.,N.C. Central
NC State,South Carolina St.
New Hampshire,Bryant
UTEP,New Mexico
New Orleans,Williams Baptist
North Florida,Trinity Baptist
Northern Ill.,Chicago St.
Northern Ky.,Morehead St.
Ohio St.,Wisconsin
Virginia Tech,Ole Miss
Oregon St.,Loyola Marymount
Penn St.,Iowa
Portland St.,Portland Bible
Miami (FL),Princeton
Radford,VMI
Rhode Island,Providence
Wake Forest,Richmond
Drexel,Rider
Siena,Robert Morris
SFA,La.-Monroe
Saint Mary's (CA),California
Elon,Saint Peter's
UC Santa Barbara,San Diego
Southern Ill.,San Jose St.
William & Mary,Savannah St.
Missouri St.,South Dakota St.
SMU,Southern California
Southern Utah,San Diego Christian
St. John's (NY),Sacred Heart
Stony Brook,Saint Francis (PA)
Furman,Tennessee Tech
Houston Baptist,Texas St.
Toledo,Texas Southern
Towson,Manhattan
Illinois St.,Tulsa
UC Davis,Washington St.
Nevada,UC Irvine
UMBC,The Citadel
UMES,American
UT Arlington,North Texas
Chattanooga,UT Martin
UTRGV,Rice
Utah,Hawaii
BYU,Utah St.
Utah Valley,UTSA
VCU,Old Dominion
Bucknell,Vermont
Villanova,Saint Joseph's
Virginia,Lehigh
Western Ky.,Wright St.
Oakland,Western Mich.
Wichita St.,Baylor
Winthrop,Reinhardt
TCU,Yale
DePaul,Youngstown St.
UCF,Alabama
Auburn,George Mason
Boise St.,Portland
Clemson,UNC Asheville
Mississippi St.,Dayton
UCLA,Detroit Mercy
Seattle U,Eastern Wash.
Fort Wayne,SIUE
Georgetown,Coppin St.
Jacksonville St.,Samford
Kansas St.,Vanderbilt
Maryland,Illinois
Minnesota,Rutgers
Oklahoma St.,Mississippi Val.
Montana,CSUN
NJIT,UMass Lowell
Navy,Morgan St.
Michigan St.,Nebraska
New Mexico St.,Prairie View
Idaho,Nicholls St.
North Carolina,Tulane
Northern Colo.,Western St.
Purdue,Northwestern
Notre Dame,St. Francis Brooklyn
San Diego St.,Bradley
Seton Hall,Louisville
Southern Miss.,Rust
Long Beach St.,Stanford
George Washington,Temple
Tennessee,Georgia Tech
Washington,Omaha
Air Force,Western St.
Western Caro.,Appalachian St.
San Francisco,Central Ark.
Col. of Charleston,High Point
Quinnipiac,Columbia
Duquesne,UMES
East Carolina,Campbell
Florida St.,Florida
Grambling,Tougaloo
Indiana,Iowa
LIU Brooklyn,Stony Brook
Liberty,Georgia St.
Lipscomb,Belmont
Ohio St.,Michigan
Missouri St.,North Dakota St.
Iowa St.,Northern Ill.
Penn,Howard
Wisconsin,Penn St.
Saint Mary's (CA),Sacramento St.
Baylor,Sam Houston St.
Oklahoma,UTSA
Arizona,Texas A&M
Arkansas,Colorado St.
UT Martin,Arkansas St.
Ball St.,Notre Dame
Miami (FL),Boston U.
Evansville,Bowling Green
Butler,Utah
Fresno St.,CSU Bakersfield
Central Mich.,Montana St.
Creighton,North Dakota
Sacred Heart,Dartmouth
Davidson,VMI
Duke,Saint Francis (PA)
Fla. Atlantic,FGCU
Furman,UNC Asheville
Georgia,Winthrop
St. John's (NY),Grand Canyon
Incarnate Word,Texas Lutheran
Milwaukee,Jacksonville
The Citadel,James Madison
Kansas St.,USC Upstate
Lamar University,St. Thomas Houston
Maine,Me.-Presque Isle
Marshall,Chattanooga
Memphis,Samford
Missouri,Miami (OH)
Nebraska,Minnesota
Pittsburgh,Mt. St. Mary's
Texas Tech,Nevada
Niagara,New Hampshire
Northeastern,Bucknell
Oregon St.,Eastern Ky.
Michigan St.,Rutgers
Denver,San Jose St.
Presbyterian,South Carolina St.
Wichita St.,South Dakota St.
Syracuse,UConn
TCU,SMU
UAB,Troy
Pepperdine,UC Riverside
UC Santa Barbara,Omaha
UNLV,Oral Roberts
Texas,VCU
Marquette,Vermont
Villanova,Gonzaga
West Virginia,Virginia
Wagner,UMass Lowell
Wake Forest,Charlotte
Wright St.,Ohio Valley
UTRGV,A&M-Corpus Christi
Abilene Christian,Air Force
Albany (NY),Bryant
Auburn,Gardner-Webb
Illinois,Austin Peay
BYU,Illinois St.
Binghamton,Army West Point
Providence,Brown
Buffalo,Delaware
Cal St. Fullerton,Portland
Central Ark.,California
Marist,Colgate
Colorado,New Mexico
Dayton,Tennessee Tech
DePaul,Central Conn. St.
UMBC,Delaware St.
South Dakota,Drake
Duquesne,Stetson
ETSU,Northern Ky.
Eastern Mich.,Oakland
Loyola Chicago,Florida
Florida St.,Loyola Maryland
Akron,Fort Wayne
William & Mary,George Mason
Green Bay,Eastern Ill.
Coastal Caro.,Hampton
Harvard,Fordham
Massachusetts,Holy Cross
Houston,Fairfield
SIUE,IUPUI
Idaho,Washington St.
Idaho St.,CSUN
Ill.-Chicago,Wis.-Parkside
Washington,Kansas
Xavier,Kent St.
Louisiana,Loyola (LA)
Louisville,Siena
Middle Tenn.,Vanderbilt
Hofstra,Monmouth
Navy,Coppin St.
North Carolina,Western Caro.
North Texas,Indiana St.
Northern Ariz.,San Diego Christian
Penn,Lafayette
Portland St.,Loyola Marymount
Hawaii,Prairie View
George Washington,Princeton
Alabama,Rhode Island
Old Dominion,Richmond
Robert Morris,Rider
SFA,Louisiana Tech
Sacramento St.,Antelope Valley
Saint Louis,Southern Ill.
Saint Peter's,Houston Baptist
San Diego,New Mexico St.
South Carolina,Wyoming
Tulane,Southern U.
Southern Utah,Long Beach St.
St. Bonaventure,Canisius
Temple,Wisconsin
Texas St.,McMurry
Toledo,Detroit Mercy
Towson,Morgan St.
UC Davis,Pacific
Utah St.,UC Irvine
Southeast Mo. St.,UMKC
Utah Valley,Weber St.
Virginia Tech,Radford
Western Ill.,American
Western Mich.,Cleveland St.
Wofford,Georgia Tech
Yale,Lehigh
Stony Brook,Columbia
San Francisco,Eastern Wash.
Hartford,Quinnipiac
Georgetown,Howard
Iowa St.,Iowa
Drexel,La Salle
Rutgers,NJIT
Maryland,Ohio
Purdue,Valparaiso
South Carolina St.,Brevard
UNCG,Elon
UNI,UT Arlington
Arizona St.,St. John's (NY)
Boston U.,Bethune-Cookman
CSU Bakersfield,LIFE Pacific
Liberty,UMES
Dartmouth,Maine
Missouri St.,Hampton
TCU,Nevada
Oklahoma,Southern California
Southern Nazarene,Oral Roberts
Oregon,Colorado St.
South Dakota St.,Concordia (NE)
UC Riverside,Air Force
Wake Forest,Army West Point
Abilene Christian,Texas St.
Akron,Appalachian St.
Albany (NY),Siena
Arizona,Alabama
Oregon St.,Ark.-Pine Bluff
Ball St.,Valparaiso
Baylor,Randall
Boise St.,Sacramento St.
Old Dominion,Bowling Green
Brown,UMass Lowell
Buffalo,Central Penn
Butler,Youngstown St.
CSU Bakersfield,Idaho
Fresno St.,Cal Poly
Cal St. Fullerton,Utah Valley
Evansville,Canisius
Central Ark.,Little Rock
Florida,Cincinnati
Clemson,Samford
Xavier,Colorado
Creighton,Nebraska
Notre Dame,Delaware
Duquesne,Delaware St.
Denver,USC Upstate
Drake,Omaha
Boston College,Duke
Eastern Mich.,Central St. (OH)
Rutgers,Fairleigh Dickinson
Mercer,Florida A&M
Fordham,St. Francis Brooklyn
Miami (OH),Fort Wayne
Ga. Southern,Savannah St.
Penn St.,George Washington
Georgia St.,Montana
Grand Canyon,Grambling
Hawaii,Hawaii Hilo
Holy Cross,New Hampshire
Houston,Saint Louis
American,Howard
Idaho St.,Northwest Nazarene
DePaul,Ill.-Chicago
Murray St.,Illinois St.
Louisville,Indiana
Louisiana Tech,Jackson St.
Jacksonville,Fla. National
Jacksonville St.,La.-Monroe
Wright St.,Kent St.
Kentucky,Monmouth
Sacred Heart,Lafayette
Lamar University,Howard Payne
Long Beach St.,Pepperdine
Binghamton,Loyola Maryland
Loyola Marymount,CSUN
Manhattan,Morgan St.
Marquette,Wisconsin
Maryland,Gardner-Webb
Massachusetts,Providence
Memphis,Bryant
Michigan,UCLA
Middle Tenn.,Ole Miss
Arkansas,Minnesota
Mississippi St.,North Georgia
Missouri,Green Bay
Lehigh,Mt. St. Mary's
Georgetown,N.C. A&T
George Mason,N.C. Central
Iona,NJIT
New Mexico St.,New Mexico
Loyola Chicago,Norfolk St.
North Dakota St.,North Dakota
North Texas,McNeese
Northern Ill.,Central Conn. St.
Northwestern St.,Louisiana Col.
Oakland,Chicago St.
Ohio St.,William & Mary
Penn,Dayton
Portland St.,Santa Clara
Hofstra,Rider
SFA,Rice
Saint Mary's (CA),Seattle U
San Diego,Northern Ariz.
California,San Diego St.
Portland,San Jose St.
South Carolina,Coastal Caro.
Furman,South Carolina St.
Southeast Mo. St.,Southern Ill.
UCF,Southern U.
Michigan St.,Southern Utah
Stetson,Marist
Syracuse,Colgate
Temple,Saint Joseph's
Tennessee,Lipscomb
Central Mich.,Tennessee Tech
Texas A&M,Prairie View
Marshall,Toledo
Towson,UMBC
Tulsa,Kansas St.
Auburn,UAB
UC Davis,William Jessup
UC Santa Barbara,Montana St.
UConn,Coppin St.
NC State,UMKC
UNLV,Illinois
FGCU,UT Arlington
UTEP,Washington St.
UTRGV,UC Irvine
UTSA,Houston Baptist
Utah,Utah St.
Seton Hall,VCU
VMI,Longwood
Northeastern,Vermont
BYU,Weber St.
West Virginia,Pittsburgh
Western Ill.,Milwaukee
Western Mich.,Detroit Mercy
Wichita St.,Oklahoma St.
Wofford,Johnson & Wales (NC)
Wyoming,Pacific
St. Bonaventure,Yale
Arizona St.,Kansas
Chattanooga,Charlotte
Col. of Charleston,North Greenville
Navy,Columbia
ETSU,Hiwassee
Fairfield,LIU Brooklyn
Fla. Atlantic,Webber Int'l
Gonzaga,Washington
High Point,Toccoa Falls
Purdue,IUPUI
Iowa St.,Alcorn
Maine,Me.-Machias
Oral Roberts,Missouri St.
Saint Francis (PA),Niagara
Northern Colo.,Okla. Panhandle
Northern Ky.,Eastern Ky.
Richmond,James Madison
Robert Morris,Drexel
SIUE,South Ala.
South Dakota,Eastern Wash.
Southern Miss.,Troy
Iowa,Southern U.
Florida St.,Tulane
Virginia Tech,UMES
UNC Asheville,Milligan
LSU,UNCW
UT Martin,UC Clermont
Villanova,La Salle
Wagner,Mercy
Ohio,Western Ky.
DePaul,Alabama A&M
Northwestern,Chicago St.
Minnesota,Drake
FIU,South Fla.
North Florida,Florida A&M
Grand Canyon,N.C. Central
Hartford,Sacred Heart
Jackson St.,Fisk
Louisville,Bryant
Oregon,Texas Southern
Vermont,Siena
Tennessee St.,Alabama St.
Alcorn,Fisk
Bethune-Cookman,Cal Poly
Boston College,Columbia
Wyoming,Eastern Wash.
Rutgers,Fordham
Ga. Southern,George Mason
Georgia St.,Point U.
Indiana St.,Green Bay
Oregon St.,Jacksonville St.
La.-Monroe,Grambling
Louisiana,Louisiana Tech
Maryland,Catholic
Memphis,Albany (NY)
Michigan,Texas
Cincinnati,Mississippi St.
Princeton,Monmouth
Colgate,NJIT
New Mexico St.,Eastern N.M.
North Dakota St.,Valley City St.
Saint Louis,Murray St.
San Diego,Colorado
Seton Hall,Saint Peter's
South Carolina St.,Charleston So.
South Dakota St.,North Dakota
UCF,Southeastern La.
Army West Point,St. Francis Brooklyn
Hofstra,Stony Brook
UMBC,Coppin St.
Iona,Yale
Southern Miss.,Alabama A&M
Fresno St.,Ark.-Pine Bluff
Belmont,Milwaukee
Bradley,Little Rock
North Florida,FIU
Boise St.,Grand Canyon
Southern Ill.,Jackson St.
LSU,Houston
Illinois,Longwood
Duquesne,Mississippi Val.
Northern Colo.,Denver
Ole Miss,Sam Houston St.
Omaha,Arkansas St.
Oregon,Portland St.
SMU,New Orleans
Seattle U,Saint Martin's
Texas A&M,Savannah St.
Texas Tech,Kennesaw St.
UMass Lowell,Boston U.
UNCG,UNCW
Villanova,Temple
Wisconsin,Western Ky.
Baylor,Texas Southern
South Fla.,Bethune-Cookman
Campbell,The Citadel
Southern U.,Florida A&M
Furman,Montreat
Howard,Washington Adventist
Lipscomb,Florida Col.
N.C. Central,McNeese
Norfolk St.,Mid-Atlantic Christ.
South Dakota,Northern Ariz.
Northwestern,Valparaiso
Tulsa,Prairie View
Presbyterian,Toccoa Falls
Southern California,Santa Clara
Southeastern La.,Southern-N.O.
Utah Valley,Bethesda (CA)
VMI,Southern Wesleyan
A&M-Corpus Christi,St. Mary's (TX)
Colorado,South Dakota St.
Creighton,UMES
Eastern Ky.,Charleston So.
Houston Baptist,Barclay
Idaho,Simon Fraser
Ill.-Chicago,Dartmouth
Sam Houston St.,Little Rock
N.C. A&T,Tennessee St.
Samford,Thomas (GA)
San Francisco,UC Davis
Stanford,Denver
Mt. St. Mary's,Washington Col.
Akron,Mississippi Val.
Ohio St.,Appalachian St.
Arizona,New Mexico
Weber St.,Ark.-Pine Bluff
Arkansas,Troy
Auburn,Middle Tenn.
Evansville,Austin Peay
Kennesaw St.,Bethune-Cookman
Buffalo,Robert Morris
Purdue,Butler
Princeton,Cal Poly
California,Cal St. Fullerton
Albany (NY),Canisius
Southern Utah,Central Mich.
Bradley,Chicago St.
Cincinnati,UCLA
Clemson,Florida
Coastal Caro.,Montreat
Cornell,Longwood
Michigan,Detroit Mercy
Iowa,Drake
Eastern Mich.,Long Beach St.
James Madison,FIU
Arkansas St.,Fla. Atlantic
Fort Wayne,Stetson
CSU Bakersfield,Ga. Southern
Massachusetts,Georgia
Dayton,Georgia St.
Green Bay,Wis.-Parkside
Iowa St.,UNI
South Carolina St.,Jacksonville
Jacksonville St.,USC Upstate
Kansas,Nebraska
Kansas St.,Southeast Mo. St.
Kentucky,Virginia Tech
Louisiana,New Orleans
Texas,Louisiana Tech
Milwaukee,Loyola Chicago
Murray St.,Marist
Marshall,Ohio
Louisville,Memphis
Miami (FL),George Washington
Mississippi St.,UT Martin
Missouri,North Florida
UNCG,NC State
NJIT,Fairleigh Dickinson
New Hampshire,Lyndon St.
New Mexico St.,Illinois
Niagara,Norfolk St.
Nicholls St.,Culver-Stockton
Gonzaga,North Dakota
North Texas,San Diego
Northwestern,DePaul
LSU-Shreveport,Northwestern St.
Indiana,Notre Dame
Michigan St.,Oakland
Oklahoma St.,Florida St.
Illinois St.,Ole Miss
Oral Roberts,FGCU
Oregon,Fresno St.
Belmont,Pepperdine
Pittsburgh,McNeese
Rhode Island,Col. of Charleston
SFA,LSU
Oregon St.,Saint Louis
Seattle U,Portland
Rutgers,Seton Hall
South Ala.,Eastern Ill.
Grambling,Southeastern La.
Southern Miss.,William Carey
St. Francis Brooklyn,SUNY Maritime
Syracuse,Georgetown
Temple,Drexel
Wyoming,Texas Southern
Texas Tech,Rice
The Citadel,Point U.
Wright St.,Toledo
Tulsa,Manhattan
UAB,Alabama A&M
Saint Mary's (CA),UC Irvine
Incarnate Word,UMKC
UNLV,Pacific
UT Arlington,UTRGV
UTSA,Bethany (KS)
BYU,Utah
Utah St.,LIFE Pacific
VCU,Bucknell
St. Bonaventure,Vermont
Virginia,Davidson
Rider,Wagner
Washington St.,IUPUI
Western Ky.,Indiana St.
Oklahoma,Wichita St.
Winthrop,Alabama St.
Xavier,ETSU
Lipscomb,Abilene Christian
Army West Point,Air Force
Baylor,Savannah St.
Boston College,Central Conn. St.
Tennessee Tech,Chattanooga
Delaware,Delaware St.
Duquesne,N.C. A&T
Eastern Wash.,CSUN
Elon,Boston U.
Evansville,Midway
Old Dominion,Fairfield
Georgia Tech,Florida A&M
Gardner-Webb,Hampton
Hawaii,Utah Valley
St. John's (NY),Iona
La Salle,Mercer
Washington,Loyola Marymount
Saint Joseph's,Maine
Miami (OH),Rio Grande
Morehead St.,Central Ark.
Nevada,Radford
North Carolina,Tennessee
UMBC,Northern Ky.
Omaha,Cornell College
Penn St.,George Mason
Houston,Prairie View
Binghamton,Sacred Heart
Saint Peter's,LIU Brooklyn
Stanford,San Francisco
Siena,Bryant
South Dakota,San Jose St.
Southern California,UC Santa Barbara
Southern Ill.,Lamar University
Providence,Stony Brook
Colorado St.,Texas St.
Montana,UC Riverside
Furman,UNCW
Arizona St.,Vanderbilt
Western Caro.,UNC Asheville
William & Mary,Milligan
Wofford,High Point
Alcorn,Blue Mountain (MS)
Arizona,North Dakota St.
Wake Forest,Coastal Caro.
Montana St.,Denver
Charlotte,East Carolina
Florida St.,Charleston So.
Fort Wayne,Indiana
Fresno St.,Cal St. Monterey Bay
Gonzaga,IUPUI
Grand Canyon,Mississippi Val.
Jacksonville St.,Howard
Northeastern,Kent St.
La.-Monroe,Millsaps
Lafayette,Susquehanna
Little Rock,Ozarks (AR)
Michigan St.,Houston Baptist
Mt. St. Mary's,American
New Orleans,Okla. Panhandle
Tulane,Nicholls St.
Eastern Ky.,Norfolk St.
Marquette,Northern Ill.
Kansas,Omaha
Drexel,Quinnipiac
SMU,Boise St.
Saint Francis (PA),Bethany (WV)
Samford,Asbury
South Fla.,Northern Ariz.
Texas,Tennessee St.
TCU,Texas Southern
USC Upstate,Coastal Ga.
Creighton,UT Arlington
Valparaiso,Santa Clara
Idaho,Western Mich.
Idaho St.,Youngstown St.
Abilene Christian,Arlington Baptist
Alabama,Mercer
Arizona St.,Longwood
Cincinnati,Ark.-Pine Bluff
Arkansas,Oral Roberts
Auburn,Murray St.
Ball St.,North Florida
Syracuse,Buffalo
Butler,Morehead St.
Canisius,Elon
Central Mich.,UMKC
SIUE,Chicago St.
Clemson,South Carolina
Saint Mary's (CA),Dayton
ETSU,Detroit Mercy
Duquesne,Lamar University
FIU,FGCU
Ga. Southern,Kennesaw St.
Georgia,Georgia Tech
Portland,Hartford
Illinois St.,Ill.-Chicago
Iona,Holy Cross
Xavier,Marshall
McNeese,Texas Col.
Montana,UC Irvine
Southern Ill.,N.C. A&T
Nevada,UC Davis
New Mexico,Rice
Niagara,Cleveland St.
Northern Colo.,Wyoming
Northwestern,Lewis
Notre Dame,Dartmouth
Ohio St.,The Citadel
Oklahoma,Northwestern St.
Ole Miss,A&M-Corpus Christi
Penn St.,Binghamton
Pittsburgh,Delaware St.
San Francisco,Radford
Bucknell,Richmond
NC State,Robert Morris
Missouri,SFA
SMU,Cal Poly
Sacramento St.,CSUN
Saint Louis,Campbell
LSU,Sam Houston St.
California,Seattle U
Col. of Charleston,South Carolina St.
South Dakota St.,Drake
Louisiana,Southeastern La.
Princeton,Southern California
Iowa,Southern Utah
Texas A&M,Northern Ky.
Texas St.,Ecclesia
Texas Tech,Fla. Atlantic
Austin Peay,Troy
Oklahoma St.,Tulsa
UC Santa Barbara,San Diego Christian
UCF,Stetson
UCLA,South Dakota
UNC Asheville,UNCG
UTEP,Incarnate Word
VCU,Winthrop
Virginia,Savannah St.
Virginia Tech,Presbyterian
Washington,Bethune-Cookman
Weber St.,Pepperdine
High Point,Western Caro.
Eastern Ill.,Western Ill.
Belmont,Western Ky.
Wichita St.,Arkansas St.
Missouri St.,Wright St.
Louisville,Albany (NY)
Bradley,Southeast Mo. St.
Cornell,Lafayette
Creighton,USC Upstate
Delaware,CSU Bakersfield
Duke,Evansville
Eastern Wash.,Providence (MT)
Florida,James Madison
Gardner-Webb,Toccoa Falls
George Washington,New Hampshire
Georgetown,North Texas
Georgia St.,Massachusetts
Hampton,Appalachian St.
Iowa St.,UMES
Northern Ariz.,Jacksonville
Kansas St.,Washington St.
La.-Monroe,Centenary (LA)
Central Conn. St.,Maine
Manhattan,Hofstra
Memphis,Siena
Mississippi St.,Little Rock
UNLV,Mississippi Val.
Nicholls St.,Mobile
Wofford,North Carolina
Oakland,Towson
Ohio,Prairie View
Oregon,Central Ark.
Houston,Providence
St. John's (NY),Saint Joseph's
Seton Hall,Wagner
Baylor,Southern U.
St. Bonaventure,Northeastern
Tennessee,Furman
Toledo,Jackson St.
UAB,New Orleans
UT Martin,Blue Mountain (MS)
Nebraska,UTSA
Utah,Northwestern St.
Utah St.,Youngstown St.
Utah Valley,Montana Tech
UC Riverside,Valparaiso
Vanderbilt,Houston Baptist
West Virginia,Coppin St.
Arizona,UConn
BYU,Idaho St.
Bowling Green,Green Bay
Texas A&M,Buffalo
UT Arlington,Cal Poly
Charleston So.,Johnson & Wales (NC)
Cincinnati,Cleveland St.
East Carolina,Grambling
Eastern Ill.,St. Francis (IL)
Fordham,Florida A&M
Fort Wayne,Liberty
Grand Canyon,Longwood
Harvard,Boston U.
Chattanooga,Jacksonville St.
Kansas,Stanford
Kent St.,Oregon St.
Michigan St.,Long Beach St.
Louisiana Tech,Alabama St.
Loyola Maryland,Drexel
Marquette,American
Maryland,Fairleigh Dickinson
DePaul,Miami (OH)
Michigan,Alabama A&M
Lipscomb,Navy
Northern Ill.,Ill.-Chicago
Omaha,Montana St.
Minnesota,Oral Roberts
Portland St.,California
Purdue,Tennessee St.
Rhode Island,Iona
SFA,Arlington Baptist
Portland,Sacramento St.
Saint Francis (PA),Lehigh
Kennesaw St.,Samford
San Diego St.,Gonzaga
San Jose St.,Santa Clara
South Dakota,Northland
South Fla.,Charlotte
Notre Dame,Southeastern La.
Florida St.,Southern Miss.
Indiana,Tennessee Tech
Troy,Milligan
Tulane,South Ala.
UC Irvine,Idaho
UCF,South Carolina St.
UNCG,Southeastern (FL)
North Dakota St.,UNCW
UTEP,Howard
Vermont,Quinnipiac
Butler,Western Ill.
Texas Tech,Abilene Christian
Air Force,Johnson & Wales (CO)
Texas,Alabama
Arizona St.,Pacific
UT Martin,Ark.-Pine Bluff
Arkansas St.,Culver-Stockton
Ball St.,Jackson St.
Brown,Marist
Cal St. Fullerton,Loyola Marymount
Col. of Charleston,Coastal Caro.
Colgate,Pitt.-Bradford
Iowa,Colorado
Mt. St. Mary's,Coppin St.
Dartmouth,Bryant
New Mexico St.,Davidson
Nebraska,Delaware St.
Murray St.,Detroit Mercy
Drake,UMES
Duquesne,San Francisco
ETSU,Ga. Southern
Oakland,Eastern Mich.
Fairfield,New Hampshire
Florida,Incarnate Word
Louisiana Tech,Fort Wayne
George Mason,Morgan St.
Hartford,FIU
Siena,Holy Cross
IUPUI,Ind.-Kokomo
Elon,Indiana St.
NC State,Jacksonville
LIU Brooklyn,Binghamton
LSU,North Florida
Bucknell,La Salle
Liberty,Alabama St.
Clemson,Louisiana
Marshall,Eastern Ky.
Massachusetts,Maine
Miami (FL),Hawaii
Missouri St.,Loyola Chicago
Washington,Montana
Radford,N.C. A&T
NJIT,Bryn Athyn
Nevada,Southern Ill.
New Mexico,Prairie View
Old Dominion,Norfolk St.
UNLV,Northern Colo.
Oklahoma,Northwestern
Ole Miss,Bradley
Rider,Penn St.
Middle Tenn.,Princeton
Providence,Sacred Heart
Canisius,Robert Morris
Central Mich.,SIUE
Saint Louis,Southeast Mo. St.
Saint Mary's (CA),UNC Asheville
Utah Valley,Sam Houston St.
San Diego,LIFE Pacific
South Dakota St.,UMKC
Southern California,Akron
St. Bonaventure,Syracuse
Stony Brook,Rutgers
TCU,William & Mary
Georgia,Temple
Texas St.,Rice
Pittsburgh,Towson
UC Davis,Lamar University
UC Riverside,UC Merced
Howard,UNCW
North Dakota St.,UTEP
Oklahoma St.,UTRGV
VCU,VMI
Vanderbilt,Alcorn
Villanova,Hofstra
Virginia,Hampton
Washington St.,Bethune-Cookman
Weber St.,Presentation
Western Ky.,Austin Peay
Western Mich.,Milwaukee
Wichita St.,FGCU
Wright St.,Georgia Tech
Xavier,UNI
Monmouth,Yale
Princeton,Akron
Auburn,UConn
Central Conn. St.,UMass Lowell
Hawaii,Davidson
Dayton,Wagner
Southern Ill.,Duquesne
Minnesota,Fla. Atlantic
Georgetown,Alabama A&M
Georgia St.,Chattanooga
Louisville,Grand Canyon
Wisconsin,Green Bay
George Washington,Harvard
Idaho St.,CSUN
Ill.-Chicago,Trinity Christian
Illinois St.,Evansville
UCLA,Kentucky
Colorado St.,Long Beach St.
Memphis,Loyola Maryland
Mississippi St.,Southern Miss.
Illinois,Missouri
N.C. A&T,Lamar University
San Francisco,Nevada
New Mexico St.,Miami (FL)
Niagara,Cornell
Seattle U,Nicholls St.
North Carolina,Ohio St.
Boston College,Richmond
Saint Peter's,St. Francis Brooklyn
Seton Hall,Manhattan
Southern California,Middle Tenn.
Tennessee,Wake Forest
BYU,Texas Southern
Toledo,Cleveland St.
UAB,Mississippi Val.
Radford,UC Davis
UC Santa Barbara,Sacramento St.
West Virginia,Fordham
